{"chunk_definitions":[{"row":16,"row_count":1,"visible":true,"expansion_state":0,"options":{"engine":"r","include":false,"label":"unnamed-chunk-15"},"document_id":"15391D1E","chunk_id":"cdjxldnr0gwxo","chunk_label":"unnamed-chunk-1"},{"row":31,"row_count":1,"visible":true,"expansion_state":0,"options":{"engine":"r","echo":false,"label":"unnamed-chunk-16"},"document_id":"15391D1E","chunk_id":"c2gr2iw62pzu0","chunk_label":"unnamed-chunk-2"},{"row":56,"row_count":1,"visible":true,"expansion_state":0,"options":{"engine":"r","echo":false,"label":"unnamed-chunk-19"},"document_id":"15391D1E","chunk_id":"ci9oq25avlwvi","chunk_label":"unnamed-chunk-3"}],"doc_write_time":1637627033,"chunk_rendered_width":627}