{"chunk_definitions":[{"row":16,"row_count":1,"visible":true,"expansion_state":0,"options":{"engine":"r","include":false,"label":"unnamed-chunk-24"},"document_id":"C5D2F5C2","chunk_id":"c5euukty6syfr","chunk_label":"unnamed-chunk-1"},{"row":40,"row_count":1,"visible":true,"expansion_state":0,"options":{"engine":"r","label":"unnamed-chunk-25"},"document_id":"C5D2F5C2","chunk_id":"c8mz6zlfk1ya2","chunk_label":"unnamed-chunk-2"},{"row":46,"row_count":1,"visible":true,"expansion_state":0,"options":{"engine":"r","label":"unnamed-chunk-26"},"document_id":"C5D2F5C2","chunk_id":"cv02zn333ryw5","chunk_label":"unnamed-chunk-3"},{"row":63,"row_count":1,"visible":true,"expansion_state":0,"options":{"engine":"r","label":"unnamed-chunk-27"},"document_id":"C5D2F5C2","chunk_id":"ct5ir93ne1dnx","chunk_label":"unnamed-chunk-4"},{"row":101,"row_count":1,"visible":true,"expansion_state":0,"options":{"engine":"r","label":"unnamed-chunk-28"},"document_id":"C5D2F5C2","chunk_id":"c18825ktnr4bn","chunk_label":"unnamed-chunk-5"},{"row":133,"row_count":1,"visible":true,"expansion_state":0,"options":{"engine":"r","label":"unnamed-chunk-29"},"document_id":"C5D2F5C2","chunk_id":"czwr2m0h1n5xx","chunk_label":"unnamed-chunk-6"},{"row":153,"row_count":1,"visible":true,"expansion_state":0,"options":{"engine":"r","label":"unnamed-chunk-30"},"document_id":"C5D2F5C2","chunk_id":"clshcfmfl9q3c","chunk_label":"unnamed-chunk-7"},{"row":169,"row_count":1,"visible":true,"expansion_state":0,"options":{"engine":"r","label":"unnamed-chunk-31"},"document_id":"C5D2F5C2","chunk_id":"ck1ulw0vdaf9k","chunk_label":"unnamed-chunk-8"},{"row":192,"row_count":1,"visible":true,"expansion_state":0,"options":{"engine":"r","label":"unnamed-chunk-32"},"document_id":"C5D2F5C2","chunk_id":"cdqmrt2c7eb1p","chunk_label":"unnamed-chunk-9"},{"row":213,"row_count":1,"visible":true,"expansion_state":0,"options":{"engine":"r","label":"unnamed-chunk-33"},"document_id":"C5D2F5C2","chunk_id":"cc0lnwjpn1k3v","chunk_label":"unnamed-chunk-10"},{"row":241,"row_count":1,"visible":true,"expansion_state":0,"options":{"engine":"r","label":"unnamed-chunk-34"},"document_id":"C5D2F5C2","chunk_id":"cb22nqhv75njj","chunk_label":"unnamed-chunk-11"},{"row":277,"row_count":1,"visible":true,"expansion_state":0,"options":{"engine":"r","label":"unnamed-chunk-35"},"document_id":"C5D2F5C2","chunk_id":"cx3rgwcna2dbc","chunk_label":"unnamed-chunk-12"},{"row":298,"row_count":1,"visible":true,"expansion_state":0,"options":{"engine":"r","label":"unnamed-chunk-36"},"document_id":"C5D2F5C2","chunk_id":"ck9qjwvyh6ogo","chunk_label":"unnamed-chunk-13"},{"row":315,"row_count":1,"visible":true,"expansion_state":0,"options":{"engine":"r","label":"unnamed-chunk-37"},"document_id":"C5D2F5C2","chunk_id":"cs8c8ipxphmcb","chunk_label":"unnamed-chunk-14"},{"row":378,"row_count":1,"visible":true,"expansion_state":0,"options":{"engine":"r","label":"unnamed-chunk-23"},"document_id":"C5D2F5C2","chunk_id":"cyprehyg5n4kg","chunk_label":"unnamed-chunk-17"}],"doc_write_time":1637034815,"chunk_rendered_width":559}