"0","regions <- whs %>%"
"0","  filter(str_detect(member_state, ""Region"")) %>%"
"0","  mutate(DTP3 = DTP319,"
"0","         MCV2 = MCV219,"
"0","         PCV3 = PCV319)"
"0",""
"0","immune_stat <- gather(regions, key=""measure"", value=""value"", c(""DTP3"", ""MCV2"", ""PCV3""))"
"0",""
"0","ggplot(immune_stat, aes(x=member_state, y=value))+"
"0","  geom_bar(stat='identity', aes(fill = factor(member_state))) +"
"0","  facet_wrap(~ measure) +"
"0","  coord_flip() +"
"0","  theme(legend.position = ""none"") +"
"0","  scale_fill_viridis_d(option = ""inferno"") +"
"0","  labs(title = ""Immunization Coverage"") +"
"0","  ylab(""Percent"") + xlab(""Region"")"
